<?xml version="1.0"?>
<doc>
    <assembly>
        <name>Formula</name>
    </assembly>
    <members>
        <member name="T:SpreadsheetUtilities.FormulaFixed">
            <summary>
            Represents formulas written in standard infix notation using standard precedence
            rules.  The allowed symbols are non-negative numbers written using double-precision 
            floating-point syntax; variables that consist of a letter or underscore followed by 
            zero or more letters, underscores, or digits; parentheses; and the four operator 
            symbols +, -, *, and /.  
            
            Spaces are significant only insofar that they delimit tokens.  For example, "xy" is
            a single variable, "x y" consists of two variables "x" and y; "x23" is a single variable; 
            and "x 23" consists of a variable "x" and a number "23".
            
            Associated with every formula are two delegates:  a normalizer and a validator.  The
            normalizer is used to convert variables into a canonical form, and the validator is used
            to add extra restrictions on the validity of a variable (beyond the standard requirement 
            that it consist of a letter or underscore followed by zero or more letters, underscores,
            or digits.)  Their use is described in detail in the constructor and method comments.
            </summary>
        </member>
        <member name="M:SpreadsheetUtilities.FormulaFixed.#ctor(System.String)">
            <summary>
            Creates a Formula from a string that consists of an infix expression written as
            described in the class comment.  If the expression is syntactically invalid,
            throws a FormulaFormatException with an explanatory Message.
            
            The associated normalizer is the identity function, and the associated validator
            maps every string to true.  
            </summary>
            <param name="formula">This is the string containing a formula to create</param>
        </member>
        <member name="M:SpreadsheetUtilities.FormulaFixed.#ctor(System.String,System.Func{System.String,System.String},System.Func{System.String,System.Boolean})">
            <summary>
            Creates a Formula from a string that consists of an infix expression written as
            described in the class comment.  If the expression is syntactically incorrect,
            throws a FormulaFormatException with an explanatory Message.
            
            The associated normalizer and validator are the second and third parameters,
            respectively.  
            
            If the formula contains a variable v such that normalize(v) is not a legal variable, 
            throws a FormulaFormatException with an explanatory message. 
            
            If the formula contains a variable v such that isValid(normalize(v)) is false,
            throws a FormulaFormatException with an explanatory message.
            
            Suppose that N is a method that converts all the letters in a string to upper case, and
            that V is a method that returns true only if a string consists of one letter followed
            by one digit.  Then:
            
            new Formula("x2+y3", N, V) should succeed
            new Formula("x+y3", N, V) should throw an exception, since V(N("x")) is false
            new Formula("2x+y3", N, V) should throw an exception, since "2x+y3" is syntactically incorrect.
            </summary>
            <param name="formula">This is the string containing a formula to create</param>
            <param name="normalize">this delegate is a normalizer. It will take a variable and format it a specific way</param>
            <param name="isValid">this delegate is a validator. It will take a variable and make sure it is valid according to some rules beyond the ones provided</param>
        </member>
        <member name="M:SpreadsheetUtilities.FormulaFixed.Evaluate(System.Func{System.String,System.Double})">
             <summary>
             Evaluates this Formula, using the lookup delegate to determine the values of
             variables.  When a variable symbol v needs to be determined, it should be looked up
             via lookup(normalize(v)). (Here, normalize is the normalizer that was passed to 
             the constructor.)
             
             For example, if L("x") is 2, L("X") is 4, and N is a method that converts all the letters 
             in a string to upper case:
             
             new Formula("x+7", N, s => true).Evaluate(L) is 11
             new Formula("x+7").Evaluate(L) is 9
             
             Given a variable symbol as its parameter, lookup returns the variable's value 
             (if it has one) or throws an ArgumentException (otherwise).
             
             If no undefined variables or divisions by zero are encountered when evaluating 
             this Formula, the value is returned.  Otherwise, a FormulaError is returned.  
             The Reason property of the FormulaError should have a meaningful explanation.
            
             This method should never throw an exception.
             </summary>
             <param name="lookup">this is a delegate passed in. It is used to lookup the associated value for a variable</param>
             <returns>It will either return the value of the formula evaluated, or it will return an error because the formula was not formatted correctly</returns>
        </member>
        <member name="M:SpreadsheetUtilities.FormulaFixed.GetVariables">
            <summary>
            Enumerates the normalized versions of all of the variables that occur in this 
            formula.  No normalization may appear more than once in the enumeration, even 
            if it appears more than once in this Formula.
            
            For example, if N is a method that converts all the letters in a string to upper case:
            
            new Formula("x+y*z", N, s => true).GetVariables() should enumerate "X", "Y", and "Z"
            new Formula("x+X*z", N, s => true).GetVariables() should enumerate "X" and "Z".
            new Formula("x+X*z").GetVariables() should enumerate "x", "X", and "z".
            </summary>
            <returns>an enumerable containing all the variables in the formula</returns>
        </member>
        <member name="M:SpreadsheetUtilities.FormulaFixed.ToString">
            <summary>
            Returns a string containing no spaces which, if passed to the Formula
            constructor, will produce a Formula f such that this.Equals(f).  All of the
            variables in the string should be normalized.
            
            For example, if N is a method that converts all the letters in a string to upper case:
            
            new Formula("x + y", N, s => true).ToString() should return "X+Y"
            new Formula("x + Y").ToString() should return "x+Y"
            </summary>
            <returns>a string containing the formula with the vars normalized</returns>
        </member>
        <member name="M:SpreadsheetUtilities.FormulaFixed.Equals(System.Object)">
            <summary>
            If obj is null or obj is not a Formula, returns false.  Otherwise, reports
            whether or not this Formula and obj are equal.
            
            Two Formula are considered equal if they consist of the same tokens in the
            same order.  To determine token equality, all tokens are compared as strings 
            except for numeric tokens, which are compared as doubles, and variable tokens,
            whose normalized forms are compared as strings.
            
            For example, if N is a method that converts all the letters in a string to upper case:
             
            new Formula("x1+y2", N, s => true).Equals(new Formula("X1  +  Y2")) is true
            new Formula("x1+y2").Equals(new Formula("X1+Y2")) is false
            new Formula("x1+y2").Equals(new Formula("y2+x1")) is false
            new Formula("2.0 + x7").Equals(new Formula("2.000 + x7")) is true
            </summary>
            <param name="obj">takes in any object, then checks to make sure it is a formula, and if it is eaual to this formula</param>
            <returns>a boolean stating if the two formulas were equal</returns>
        </member>
        <member name="M:SpreadsheetUtilities.FormulaFixed.op_Equality(SpreadsheetUtilities.FormulaFixed,SpreadsheetUtilities.FormulaFixed)">
            <summary>
            Reports whether f1 == f2, using the notion of equality from the Equals method.
            Note that if both f1 and f2 are null, this method should return true.  If one is
            null and one is not, this method should return false.
            </summary>
            <param name="f1">first formula</param>
            <param name="f2">second formula</param>
            <returns>a boolean stating whether they were equal</returns>
        </member>
        <member name="M:SpreadsheetUtilities.FormulaFixed.op_Inequality(SpreadsheetUtilities.FormulaFixed,SpreadsheetUtilities.FormulaFixed)">
            <summary>
            Reports whether f1 != f2, using the notion of equality from the Equals method.
            Note that if both f1 and f2 are null, this method should return false.  If one is
            null and one is not, this method should return true.
            </summary>
            <param name="f1">first formula</param>
            <param name="f2">second formula</param>
            <returns>a boolean stating whether they were not equal</returns>
        </member>
        <member name="M:SpreadsheetUtilities.FormulaFixed.GetHashCode">
            <summary>
            Returns a hash code for this Formula.  If f1.Equals(f2), then it must be the
            case that f1.GetHashCode() == f2.GetHashCode().  Ideally, the probability that two 
            randomly-generated unequal Formulae have the same hash code should be extremely small.
            </summary>
            <returns>an integer hashcode for this formula</returns>
        </member>
        <member name="M:SpreadsheetUtilities.FormulaFixed.GetTokens(System.String)">
            <summary>
            Given an expression, enumerates the tokens that compose it.  Tokens are left paren;
            right paren; one of the four operator symbols; a string consisting of a letter or underscore
            followed by zero or more letters, digits, or underscores; a double literal; and anything that doesn't
            match one of those patterns.  There are no empty tokens, and no token contains white space.
            </summary>
            <param name="formula">takes in a string to split up</param>
            <returns>an enumerable containing the tokens from the string</returns>
        </member>
        <member name="M:SpreadsheetUtilities.FormulaFixed.DoMath(System.Double,System.Double,System.String)">
            <summary>
            this function does all the math operations for the evaluate function
            </summary>
            <param name="aVal">the first value</param>
            <param name="bVal">the second value(denominator in division)</param>
            <param name="oper">the operation to be carried out</param>
            <returns>returns the value after the operation is used on the two</returns>
        </member>
        <member name="T:SpreadsheetUtilities.FormulaFormatException">
            <summary>
            Used to report syntactic errors in the argument to the Formula constructor.
            </summary>
        </member>
        <member name="M:SpreadsheetUtilities.FormulaFormatException.#ctor(System.String)">
            <summary>
            Constructs a FormulaFormatException containing the explanatory message.
            </summary>
        </member>
        <member name="T:SpreadsheetUtilities.FormulaError">
            <summary>
            Used as a possible return value of the Formula.Evaluate method.
            </summary>
        </member>
        <member name="M:SpreadsheetUtilities.FormulaError.#ctor(System.String)">
            <summary>
            Constructs a FormulaError containing the explanatory reason.
            </summary>
            <param name="reason"></param>
        </member>
        <member name="P:SpreadsheetUtilities.FormulaError.Reason">
            <summary>
             The reason why this FormulaError was created.
            </summary>
        </member>
    </members>
</doc>
